Time,Current Angle,Motor Speed,Target Angle
0.00012493133544921875,1876,0,0.0062465667724609375
0.012744426727294922,1876,0,0.6372213363647461
0.01893472671508789,1876,0,0.9467363357543945
0.02419900894165039,1876,-2,1.2099504470825195
0.03021073341369629,1876,-14,1.5105366706848145
0.03649330139160156,1875,-14,1.8246650695800781
0.0425868034362793,1874,-17,2.129340171813965
0.048346519470214844,1873,-29,2.417325973510742
0.053858041763305664,1873,-172,2.692902088165283
0.060027360916137695,1871,-163,3.0013680458068848
0.06544947624206543,1869,-236,3.2724738121032715
0.0714578628540039,1867,-308,3.5728931427001953
0.08612871170043945,1863,-379,4.306435585021973
0.0976111888885498,1857,-439,4.88055944442749
0.1096644401550293,1851,-510,5.483222007751465
0.12248992919921875,1844,-542,6.1244964599609375
0.13519525527954102,1837,-606,6.759762763977051
0.14621353149414062,1831,-621,7.310676574707031
0.1521289348602295,1827,-641,7.606446743011475
0.15755057334899902,1823,-665,7.877528667449951
0.1635885238647461,1818,-689,8.179426193237305
0.1697707176208496,1814,-705,8.48853588104248
0.17492914199829102,1809,-717,8.74645709991455
0.18081116676330566,1805,-731,9.040558338165283
0.18735980987548828,1801,-742,9.367990493774414
0.1932814121246338,1796,-764,9.66407060623169
0.19953322410583496,1791,-781,9.976661205291748
0.20461225509643555,1787,-792,10.230612754821777
0.2105693817138672,1781,-797,10.52846908569336
0.2162027359008789,1779,-811,10.810136795043945
0.22224760055541992,1773,-820,11.112380027770996
0.22763586044311523,1768,-835,11.381793022155762
0.23355603218078613,1763,-851,11.677801609039307
0.2404954433441162,1756,-845,12.02477216720581
0.24600911140441895,1753,-862,12.300455570220947
0.25200462341308594,1747,-866,12.600231170654297
0.25748634338378906,1742,-883,12.874317169189453
0.2633812427520752,1737,-893,13.16906213760376
0.2696099281311035,1731,-895,13.480496406555176
0.27466702461242676,1726,-894,13.733351230621338
0.2806410789489746,1721,-911,14.03205394744873
0.28627467155456543,1717,-921,14.313733577728271
0.2959575653076172,1708,-920,14.79787826538086
0.30638694763183594,1698,-939,15.319347381591797
0.3176710605621338,1683,-938,15.88355302810669
0.3328979015350342,1672,-949,16.64489507675171
0.3403804302215576,1666,-953,17.01902151107788
0.34622621536254883,1661,-953,17.31131076812744
0.35224390029907227,1655,-964,17.612195014953613
0.3576793670654297,1647,-965,17.883968353271484
0.36371517181396484,1643,-970,18.185758590698242
0.3735044002532959,1633,-970,18.675220012664795
0.37970948219299316,1627,-968,18.985474109649658
0.3849046230316162,1621,-973,19.24523115158081
0.39198803901672363,1615,-983,19.59940195083618
0.39745044708251953,1610,-982,19.872522354125977
0.4034543037414551,1604,-984,20.172715187072754
0.40965867042541504,1598,-986,20.482933521270752
0.41475605964660645,1592,-985,20.737802982330322
0.4207463264465332,1586,-992,21.03731632232666
0.42630600929260254,1582,-997,21.315300464630127
0.4322502613067627,1576,-989,21.612513065338135
0.4376809597015381,1568,-991,21.884047985076904
0.4445619583129883,1562,-991,22.228097915649414
0.4505889415740967,1556,-995,22.529447078704834
0.4561448097229004,1552,-999,22.80724048614502
0.46225953102111816,1546,-999,23.112976551055908
0.46767449378967285,1538,-996,23.383724689483643
0.4737052917480469,1534,-1005,23.685264587402344
0.4799320697784424,1528,-1004,23.99660348892212
0.48534417152404785,1522,-1006,24.267208576202393
0.4920504093170166,1516,-1005,24.60252046585083
0.4975924491882324,1510,-1006,24.87962245941162
0.5035204887390137,1504,-1010,25.176024436950684
0.5097389221191406,1498,-1011,25.48694610595703
0.5149250030517578,1492,-1009,25.74625015258789
0.520827054977417,1485,-1014,26.04135274887085
0.5264678001403809,1479,-1016,26.323390007019043
0.5324454307556152,1473,-1016,26.62227153778076
0.5378599166870117,1467,-1012,26.892995834350586
0.5448863506317139,1461,-1018,27.244317531585693
0.5507867336273193,1455,-1019,27.539336681365967
0.5563523769378662,1451,-1022,27.81761884689331
0.5622973442077637,1445,-1021,28.114867210388184
0.5677282810211182,1437,-1016,28.386414051055908
0.5736546516418457,1433,-1019,28.682732582092285
0.5798664093017578,1427,-1022,28.99332046508789
0.5854430198669434,1421,-1024,29.272150993347168
0.591480016708374,1414,-1025,29.5740008354187
0.5977284908294678,1406,-1025,29.88642454147339
0.6038298606872559,1402,-1030,30.191493034362793
0.6100497245788574,1396,-1024,30.50248622894287
0.6154839992523193,1389,-1026,30.774199962615967
0.6216440200805664,1383,-1030,31.08220100402832
0.6268198490142822,1377,-1029,31.34099245071411
0.6328065395355225,1371,-1025,31.640326976776123
0.6392302513122559,1365,-1028,31.961512565612793
0.6454458236694336,1359,-1026,32.27229118347168
0.6514911651611328,1353,-1032,32.57455825805664
0.6566371917724609,1347,-1028,32.83185958862305
0.6625831127166748,1341,-1027,33.12915563583374
0.6683835983276367,1334,-1025,33.419179916381836
0.67405104637146,1330,-1026,33.702552318573
0.6801390647888184,1324,-1028,34.00695323944092
0.6856627464294434,1318,-1025,34.28313732147217
0.6915969848632812,1311,-1027,34.57984924316406
0.705336332321167,1297,-1024,35.26681661605835
0.7114825248718262,1291,-1022,35.57412624359131
0.7167026996612549,1285,-1026,35.835134983062744
0.7227990627288818,1279,-1022,36.13995313644409
0.7292294502258301,1273,-1024,36.461472511291504
0.7346081733703613,1267,-1022,36.730408668518066
0.7405786514282227,1260,-1026,37.02893257141113
0.7468435764312744,1254,-1025,37.34217882156372
0.7527940273284912,1248,-1028,37.63970136642456
0.7592451572418213,1242,-1028,37.962257862091064
0.764509916305542,1236,-1027,38.2254958152771
0.7704646587371826,1229,-1025,38.52323293685913
0.7760066986083984,1225,-1023,38.80033493041992
0.7819690704345703,1219,-1026,39.098453521728516
0.7873647212982178,1213,-1030,39.36823606491089
0.7933213710784912,1207,-1029,39.66606855392456
0.800220251083374,1201,-1026,40.0110125541687
0.8057007789611816,1195,-1032,40.28503894805908
0.8116331100463867,1188,-1032,40.581655502319336
0.8169043064117432,1182,-1032,40.84521532058716
0.8229866027832031,1176,-1028,41.149330139160156
0.829425573348999,1170,-1029,41.47127866744995
0.8345911502838135,1163,-1029,41.729557514190674
0.8406054973602295,1157,-1028,42.030274868011475
0.8468649387359619,1151,-1029,42.343246936798096
0.8528733253479004,1145,-1031,42.64366626739502
0.8593387603759766,1139,-1030,42.96693801879883
0.8645644187927246,1133,-1031,43.22822093963623
0.8706135749816895,1127,-1028,43.53067874908447
0.8761353492736816,1123,-1030,43.80676746368408
0.8821866512298584,1116,-1031,44.10933256149292
0.887601375579834,1110,-1030,44.3800687789917
0.8935654163360596,1104,-1030,44.67827081680298
0.9005496501922607,1095,-1030,45.02748250961304
0.9061956405639648,1091,-1032,45.30978202819824
0.9121170043945312,1085,-1028,45.60585021972656
0.9175398349761963,1079,-1024,45.876991748809814
0.9234635829925537,1073,-1028,46.173179149627686
0.9296829700469971,1067,-1031,46.48414850234985
0.9348526000976562,1061,-1032,46.74263000488281
0.9407668113708496,1055,-1027,47.03834056854248
0.9463818073272705,1051,-1030,47.319090366363525
0.9533238410949707,1042,-1031,47.666192054748535
0.9595377445220947,1036,-1027,47.976887226104736
0.9646203517913818,1030,-1028,48.23101758956909
0.9706170558929443,1023,-1033,48.53085279464722
0.9761223793029785,1019,-1034,48.806118965148926
0.9820668697357178,1013,-1029,49.10334348678589
0.9874954223632812,1007,-1027,49.37477111816406
0.993563175201416,1001,-1031,49.6781587600708
1.000586748123169,993,-1035,50.02933740615845
1.0062730312347412,989,-1030,50.31365156173706
1.0122032165527344,983,-1030,50.61016082763672
1.0176053047180176,976,-1030,50.88026523590088
1.0235421657562256,970,-1031,51.17710828781128
1.0297367572784424,964,-1028,51.48683786392212
1.0349137783050537,958,-1030,51.745688915252686
1.0408267974853516,951,-1032,52.04133987426758
1.0463471412658691,947,-1033,52.31735706329346
1.0532870292663574,939,-1030,52.66435146331787
1.0595307350158691,933,-1038,52.97653675079346
1.064744234085083,927,-1035,53.23721170425415
1.0707733631134033,921,-1033,53.538668155670166
1.0762972831726074,917,-1031,53.81486415863037
1.0829060077667236,908,-1031,54.14530038833618
1.0893709659576416,902,-1033,54.46854829788208
1.0945050716400146,896,-1033,54.72525358200073
1.1067299842834473,883,-1032,55.33649921417236
1.1128156185150146,877,-1033,55.64078092575073
1.119232416152954,871,-1032,55.961620807647705
1.1246418952941895,865,-1032,56.23209476470947
1.1306571960449219,859,-1034,56.532859802246094
1.136260986328125,855,-1035,56.81304931640625
1.142193078994751,848,-1034,57.10965394973755
1.1476163864135742,842,-1032,57.38081932067871
1.1545360088348389,833,-1034,57.72680044174194
1.1605215072631836,827,-1035,58.02607536315918
1.1660351753234863,823,-1030,58.301758766174316
1.1720077991485596,817,-1031,58.60038995742798
1.1774377822875977,811,-1031,58.87188911437988
1.183445930480957,805,-1033,59.17229652404785
1.1896913051605225,799,-1029,59.48456525802612
1.1948859691619873,793,-1029,59.744298458099365
1.2008016109466553,786,-1031,60.040080547332764
1.207432746887207,780,-1033,60.37163734436035
1.213315486907959,774,-1030,60.66577434539795
1.2195239067077637,767,-1026,60.976195335388184
1.2245979309082031,761,-1035,61.229896545410156
1.2306158542633057,755,-1033,61.53079271316528
1.2361209392547607,751,-1030,61.80604696273804
1.2421913146972656,745,-1034,62.10956573486328
1.2475945949554443,739,-1033,62.37972974777222
1.2546405792236328,731,-1033,62.73202896118164
1.2606115341186523,724,-1032,63.03057670593262
1.266110897064209,720,-1032,63.30554485321045
1.2720580101013184,714,-1033,63.60290050506592
1.2774879932403564,707,-1034,63.87439966201782
1.283407211303711,701,-1031,64.17036056518555
1.2896463871002197,695,-1030,64.48231935501099
1.294734001159668,689,-1032,64.7367000579834
1.3008062839508057,683,-1034,65.04031419754028
1.3073554039001465,677,-1033,65.36777019500732
1.3132376670837402,671,-1032,65.66188335418701
1.319486141204834,665,-1036,65.9743070602417
1.3245954513549805,658,-1035,66.22977256774902
1.3305468559265137,652,-1032,66.52734279632568
1.3360507488250732,648,-1033,66.80253744125366
1.3420648574829102,641,-1035,67.10324287414551
1.3474853038787842,635,-1037,67.37426519393921
1.3534095287322998,627,-1033,67.67047643661499
1.3603670597076416,623,-1036,68.01835298538208
1.3713667392730713,611,-1039,68.56833696365356
1.376512050628662,604,-1035,68.8256025314331
1.3826096057891846,598,-1032,69.13048028945923
1.3889529705047607,592,-1038,69.44764852523804
1.3943047523498535,587,-1041,69.71523761749268
1.400320291519165,581,-1036,70.01601457595825
1.4120049476623535,569,-1038,70.60024738311768
1.4228038787841797,557,-1035,71.14019393920898
1.4357080459594727,544,-1035,71.78540229797363
1.4465558528900146,532,-1036,72.32779264450073
1.4529645442962646,525,-1035,72.64822721481323
1.4601309299468994,519,-1036,73.00654649734497
1.4656078815460205,513,-1038,73.28039407730103
1.4715290069580078,507,-1034,73.57645034790039
1.476656436920166,501,-1034,73.8328218460083
1.4826993942260742,494,-1034,74.13496971130371
1.488898754119873,488,-1032,74.44493770599365
1.5058746337890625,469,-1038,75.29373168945312
1.5192327499389648,457,-1032,75.96163749694824
1.5273609161376953,449,-1034,76.36804580688477
1.5338034629821777,443,-1036,76.69017314910889
1.5401036739349365,437,-1035,77.00518369674683
1.5457074642181396,431,-1034,77.28537321090698
1.5516221523284912,424,-1037,77.58110761642456
1.5577287673950195,416,-1041,77.88643836975098
1.5637028217315674,412,-1034,78.18514108657837
1.5699381828308105,405,-1035,78.49690914154053
1.575317621231079,399,-1037,78.76588106155396
1.5809569358825684,393,-1041,79.04784679412842
1.5864522457122803,387,-1037,79.32261228561401
1.5923776626586914,383,-1033,79.61888313293457
1.5977835655212402,374,-1037,79.88917827606201
1.6037864685058594,370,-1036,80.18932342529297
1.6107409000396729,362,-1032,80.53704500198364
1.6162517070770264,358,-1032,80.81258535385132
1.6221990585327148,351,-1036,81.10995292663574
1.627600908279419,345,-1035,81.38004541397095
1.633476734161377,339,-1033,81.67383670806885
1.6397149562835693,333,-1035,81.98574781417847
1.6448709964752197,327,-1037,82.24354982376099
1.6507775783538818,321,-1037,82.53887891769409
1.6564030647277832,317,-1032,82.82015323638916
1.6633164882659912,308,-1034,83.16582441329956
1.6695091724395752,302,-1035,83.47545862197876
1.6746039390563965,295,-1031,83.73019695281982
1.6805875301361084,289,-1033,84.02937650680542
1.6860542297363281,285,-1034,84.3027114868164
1.691983699798584,279,-1036,84.5991849899292
1.6973583698272705,273,-1039,84.86791849136353
1.703244686126709,267,-1036,85.16223430633545
1.7094695568084717,261,-1033,85.47347784042358
1.7157132625579834,254,-1036,85.78566312789917
1.721757411956787,248,-1036,86.08787059783936
1.7269232273101807,242,-1032,86.34616136550903
1.7328498363494873,235,-1031,86.64249181747437
1.7392454147338867,229,-1040,86.96227073669434
1.7443504333496094,223,-1036,87.21752166748047
1.750333547592163,219,-1037,87.51667737960815
1.7558526992797852,213,-1036,87.79263496398926
1.762556552886963,205,-1036,88.12782764434814
1.7683377265930176,198,-1039,88.41688632965088
1.7740428447723389,194,-1035,88.70214223861694
1.7801120281219482,188,-1036,89.00560140609741
1.7857694625854492,181,-1035,89.28847312927246
1.7917542457580566,175,-1037,89.58771228790283
1.796898365020752,169,-1033,89.8449182510376
1.802861213684082,163,-1034,90.1430606842041
1.8092939853668213,157,-1036,90.46469926834106
1.8154942989349365,151,-1034,90.77471494674683
1.8214983940124512,144,-1034,91.07491970062256
1.8266334533691406,138,-1037,91.33167266845703
1.8326961994171143,132,-1037,91.63480997085571
1.8388879299163818,126,-1037,91.94439649581909
1.8443613052368164,119,-1032,92.21806526184082
1.8503222465515137,115,-1036,92.51611232757568
1.8557984828948975,109,-1036,92.78992414474487
1.861741304397583,101,-1034,93.08706521987915
1.8683395385742188,95,-1034,93.41697692871094
1.874037504196167,91,-1036,93.70187520980835
1.8801186084747314,84,-1038,94.00593042373657
1.8856191635131836,78,-1038,94.28095817565918
1.8915584087371826,72,-1037,94.57792043685913
1.8966867923736572,61,-1037,94.83433961868286
1.909501552581787,53,-1037,95.47507762908936
1.9160041809082031,47,-1037,95.80020904541016
1.9220552444458008,41,-1039,96.10276222229004
1.9274630546569824,35,-1043,96.37315273284912
1.9334614276885986,28,-1039,96.67307138442993
1.9396488666534424,22,-1035,96.98244333267212
1.9447319507598877,15,-1043,97.23659753799438
1.9506933689117432,9,-1043,97.53466844558716
1.9562046527862549,5,-1040,97.81023263931274
1.9622128009796143,-1,-1039,98.11064004898071
1.9692835807800293,-9,-1041,98.46417903900146
1.9743728637695312,-15,-1041,98.71864318847656
1.9803237915039062,-19,-1042,99.01618957519531
1.9857876300811768,-25,-1042,99.28938150405884
1.9917478561401367,-32,-1042,99.58739280700684
1.9969449043273926,-38,-1043,99.84724521636963
2.0029473304748535,-44,-1037,100.14736652374268
2.0093541145324707,-51,-1044,100.46770572662354
2.0155928134918213,-57,-1042,100.77964067459106
2.0216405391693115,-63,-1045,101.08202695846558
2.0267441272735596,-69,-1040,101.33720636367798
2.032684564590454,-75,-1039,101.6342282295227
2.0388715267181396,-82,-1043,101.94357633590698
2.044358015060425,-88,-1040,102.21790075302124
2.050309419631958,-92,-1038,102.5154709815979
2.055774688720703,-98,-1042,102.78873443603516
2.0617387294769287,-105,-1041,103.08693647384644
2.0684268474578857,-113,-1039,103.42134237289429
2.0740833282470703,-117,-1038,103.70416641235352
2.0801219940185547,-125,-1041,104.00609970092773
2.0865559577941895,-132,-1043,104.32779788970947
2.0925002098083496,-138,-1041,104.62501049041748
2.097907066345215,-144,-1039,104.89535331726074
2.1038119792938232,-149,-1040,105.19059896469116
2.110006332397461,-155,-1043,105.50031661987305
2.1162168979644775,-161,-1041,105.81084489822388
2.1222288608551025,-167,-1038,106.11144304275513
2.1275997161865234,-173,-1040,106.37998580932617
2.1335253715515137,-179,-1041,106.67626857757568
2.1397194862365723,-186,-1041,106.98597431182861
2.1453020572662354,-192,-1042,107.26510286331177
2.150965690612793,-199,-1042,107.54828453063965
2.156466484069824,-205,-1040,107.82332420349121
2.162411689758301,-209,-1038,108.12058448791504
2.1696674823760986,-217,-1039,108.48337411880493
2.17492413520813,-223,-1041,108.7462067604065
2.1808080673217773,-230,-1042,109.04040336608887
2.186345100402832,-233,-1046,109.3172550201416
2.1922554969787598,-240,-1042,109.61277484893799
2.1976492404937744,-247,-1042,109.88246202468872
2.203737735748291,-253,-1045,110.18688678741455
2.2099359035491943,-259,-1042,110.49679517745972
2.215329647064209,-265,-1043,110.76648235321045
2.222154378890991,-271,-1045,111.10771894454956
2.2275822162628174,-277,-1042,111.37911081314087
2.23354172706604,-284,-1044,111.677086353302
2.239725112915039,-290,-1046,111.98625564575195
2.245272159576416,-297,-1050,112.2636079788208
2.2509448528289795,-303,-1049,112.54724264144897
2.2564384937286377,-309,-1045,112.82192468643188
2.2625176906585693,-315,-1042,113.12588453292847
2.2697317600250244,-321,-1047,113.48658800125122
2.2749416828155518,-328,-1046,113.74708414077759
2.28084135055542,-334,-1045,114.042067527771
2.286367654800415,-338,-1048,114.31838274002075
2.2923007011413574,-345,-1046,114.61503505706787
2.297715425491333,-355,-1045,114.88577127456665
2.3101110458374023,-363,-1042,115.50555229187012
2.3157241344451904,-369,-1047,115.78620672225952
2.3225481510162354,-378,-1046,116.12740755081177
2.328367233276367,-384,-1045,116.41836166381836
2.334160566329956,-389,-1044,116.7080283164978
2.340193748474121,-395,-1045,117.00968742370605
2.3456950187683105,-401,-1045,117.28475093841553
2.351604461669922,-407,-1044,117.5802230834961
2.3567259311676025,-413,-1046,117.83629655838013
2.3627116680145264,-424,-1047,118.13558340072632
2.3736822605133057,-430,-1046,118.68411302566528
2.3798792362213135,-437,-1045,118.99396181106567
2.3856024742126465,-443,-1046,119.28012371063232
2.39162278175354,-449,-1043,119.581139087677
2.3967843055725098,-455,-1043,119.83921527862549
2.402740001678467,-461,-1049,120.13700008392334
2.4089128971099854,-468,-1048,120.44564485549927
2.414179563522339,-472,-1046,120.70897817611694
2.420189619064331,-481,-1042,121.00948095321655
2.4264633655548096,-487,-1045,121.32316827774048
2.4325404167175293,-493,-1046,121.62702083587646
2.438336133956909,-499,-1045,121.91680669784546
2.4441356658935547,-503,-1047,122.20678329467773
2.4501562118530273,-510,-1047,122.50781059265137
2.4556283950805664,-516,-1047,122.78141975402832
2.461568832397461,-523,-1049,123.07844161987305
2.4666788578033447,-529,-1048,123.33394289016724
2.473585367202759,-535,-1045,123.67926836013794
2.479773759841919,-541,-1046,123.98868799209595
2.4854536056518555,-547,-1045,124.27268028259277
2.491445302963257,-554,-1041,124.57226514816284
2.4966259002685547,-560,-1048,124.83129501342773
2.502680778503418,-567,-1051,125.1340389251709
2.508866310119629,-573,-1048,125.44331550598145
2.5141351222991943,-577,-1048,125.70675611495972
2.5201869010925293,-583,-1050,126.00934505462646
2.5265018939971924,-591,-1050,126.32509469985962
2.5324747562408447,-598,-1051,126.62373781204224
2.537888288497925,-604,-1048,126.89441442489624
2.543759346008301,-608,-1048,127.18796730041504
2.549962043762207,-615,-1050,127.49810218811035
2.555377244949341,-621,-1045,127.76886224746704
2.56156849861145,-627,-1053,128.0784249305725
2.566701889038086,-633,-1051,128.3350944519043
2.5736379623413086,-639,-1053,128.68189811706543
2.57987117767334,-646,-1046,128.993558883667
2.585336685180664,-653,-1045,129.2668342590332
2.591341733932495,-659,-1049,129.56708669662476
2.5965089797973633,-665,-1046,129.82544898986816
2.6024744510650635,-671,-1046,130.12372255325317
2.6078615188598633,-677,-1049,130.39307594299316
2.6137404441833496,-682,-1048,130.68702220916748
2.61993408203125,-688,-1046,130.9967041015625
2.626215696334839,-694,-1044,131.31078481674194
2.6322550773620605,-701,-1048,131.61275386810303
2.6376893520355225,-709,-1049,131.88446760177612
2.6436269283294678,-713,-1047,132.1813464164734
2.649775981903076,-719,-1042,132.4887990951538
2.654945135116577,-725,-1048,132.74725675582886
2.660825252532959,-732,-1051,133.04126262664795
2.6663737297058105,-736,-1048,133.31868648529053
2.6724722385406494,-745,-1047,133.62361192703247
2.6796700954437256,-751,-1047,133.98350477218628
2.6849474906921387,-757,-1048,134.24737453460693
2.6908459663391113,-763,-1044,134.54229831695557
2.6965203285217285,-770,-1052,134.82601642608643
2.7084720134735107,-782,-1051,135.42360067367554
2.714203119277954,-787,-1048,135.7101559638977
2.720266103744507,-793,-1047,136.01330518722534
2.7266452312469482,-801,-1048,136.3322615623474
2.732698678970337,-807,-1048,136.63493394851685
2.7388641834259033,-813,-1048,136.94320917129517
2.7443461418151855,-820,-1048,137.21730709075928
2.750312089920044,-824,-1048,137.5156044960022
2.7557783126831055,-831,-1052,137.78891563415527
2.7617485523223877,-837,-1045,138.08742761611938
2.7668745517730713,-843,-1047,138.34372758865356
2.77288818359375,-849,-1051,138.6444091796875
2.7801198959350586,-855,-1049,139.00599479675293
2.7856009006500244,-862,-1045,139.28004503250122
2.7915537357330322,-869,-1045,139.5776867866516
2.7966432571411133,-875,-1050,139.83216285705566
2.8027005195617676,-881,-1046,140.13502597808838
2.8088724613189697,-887,-1048,140.4436230659485
2.8141660690307617,-891,-1050,140.7083034515381
2.820202350616455,-897,-1049,141.01011753082275
2.8258583545684814,-906,-1046,141.29291772842407
2.8325672149658203,-912,-1043,141.62836074829102
2.838388204574585,-919,-1046,141.91941022872925
2.844068765640259,-923,-1049,142.20343828201294
2.8501241207122803,-929,-1046,142.506206035614
2.85560941696167,-935,-1048,142.7804708480835
2.861675977706909,-941,-1049,143.08379888534546
2.8668034076690674,-948,-1053,143.34017038345337
2.872756242752075,-954,-1047,143.63781213760376
2.880013942718506,-961,-1044,144.0006971359253
2.885467290878296,-967,-1046,144.2733645439148
2.891515016555786,-973,-1049,144.5757508277893
2.8966376781463623,-979,-1045,144.83188390731812
2.902559280395508,-985,-1047,145.1279640197754
2.908369302749634,-992,-1047,145.4184651374817
2.9140563011169434,-996,-1051,145.70281505584717
2.9201130867004395,-1003,-1048,146.00565433502197
2.925776243209839,-1009,-1048,146.28881216049194
2.9324727058410645,-1017,-1047,146.62363529205322
2.937908887863159,-1023,-1048,146.89544439315796
2.9437875747680664,-1027,-1046,147.18937873840332
2.9500372409820557,-1034,-1048,147.50186204910278
2.9556500911712646,-1040,-1050,147.78250455856323
2.961613416671753,-1047,-1051,148.08067083358765
2.966722011566162,-1053,-1049,148.3361005783081
2.9726665019989014,-1059,-1050,148.63332509994507
2.9796743392944336,-1065,-1048,148.98371696472168
2.9852848052978516,-1071,-1048,149.26424026489258
2.9909613132476807,-1078,-1047,149.54806566238403
2.996478319168091,-1084,-1050,149.82391595840454
3.002413272857666,-1089,-1048,150.1206636428833
3.0083603858947754,-1097,-1050,150.41801929473877
3.0139882564544678,-1101,-1046,150.6994128227234
3.020090103149414,-1107,-1047,151.0045051574707
3.025599241256714,-1113,-1049,151.2799620628357
3.0323140621185303,-1120,-1051,151.6157031059265
3.037693977355957,-1128,-1045,151.88469886779785
3.0437047481536865,-1133,-1045,152.18523740768433
3.0498814582824707,-1139,-1048,152.49407291412354
3.055279016494751,-1145,-1048,152.76395082473755
3.060957431793213,-1151,-1049,153.04787158966064
3.066465377807617,-1157,-1049,153.32326889038086
3.0724058151245117,-1162,-1049,153.6202907562256
3.0778138637542725,-1170,-1047,153.89069318771362
3.0858242511749268,-1177,-1046,154.29121255874634
3.09177303314209,-1183,-1050,154.5886516571045
3.096888780593872,-1189,-1049,154.8444390296936
3.109977960586548,-1201,-1046,155.4988980293274
3.1154944896698,-1208,-1049,155.77472448349
3.121609687805176,-1215,-1051,156.0804843902588
3.1267197132110596,-1221,-1047,156.33598566055298
3.133739948272705,-1227,-1050,156.68699741363525
3.1399173736572266,-1233,-1052,156.99586868286133
3.1453022956848145,-1239,-1052,157.26511478424072
3.150935649871826,-1246,-1047,157.5467824935913
3.156482458114624,-1252,-1047,157.8241229057312
3.1625170707702637,-1259,-1052,158.12585353851318
3.167902946472168,-1265,-1054,158.3951473236084
3.1737725734710693,-1269,-1048,158.68862867355347
3.1799395084381104,-1275,-1049,158.99697542190552
3.1862294673919678,-1281,-1049,159.3114733695984
3.1921231746673584,-1288,-1048,159.60615873336792
3.1975440979003906,-1294,-1048,159.87720489501953
3.203435182571411,-1300,-1047,160.17175912857056
3.20963454246521,-1307,-1048,160.4817271232605
3.2149012088775635,-1313,-1043,160.74506044387817
3.2208049297332764,-1319,-1043,161.04024648666382
3.226400375366211,-1323,-1046,161.32001876831055
3.2323081493377686,-1331,-1050,161.61540746688843
3.239504814147949,-1338,-1046,161.97524070739746
3.2445826530456543,-1344,-1046,162.22913265228271
3.2504758834838867,-1351,-1046,162.52379417419434
3.2560157775878906,-1355,-1049,162.80078887939453
3.2618978023529053,-1361,-1045,163.09489011764526
3.2670018672943115,-1367,-1048,163.35009336471558
3.2728941440582275,-1373,-1046,163.64470720291138
3.279458999633789,-1380,-1046,163.97294998168945
3.285816192626953,-1386,-1045,164.29080963134766
3.2917656898498535,-1393,-1042,164.58828449249268
3.2968876361846924,-1399,-1044,164.84438180923462
3.302809476852417,-1405,-1046,165.14047384262085
3.308927059173584,-1411,-1044,165.4463529586792
3.314182996749878,-1415,-1045,165.7091498374939
3.3202340602874756,-1421,-1049,166.01170301437378
3.325798988342285,-1428,-1044,166.28994941711426
3.3317601680755615,-1434,-1045,166.58800840377808
3.3379569053649902,-1443,-1047,166.8978452682495
3.3441264629364014,-1447,-1047,167.20632314682007
3.350168228149414,-1453,-1048,167.5084114074707
3.355682373046875,-1459,-1048,167.78411865234375
3.3615963459014893,-1465,-1042,168.07981729507446
3.3667221069335938,-1472,-1048,168.3361053466797
3.372770071029663,-1478,-1047,168.63850355148315
3.3789637088775635,-1484,-1042,168.94818544387817
3.384209156036377,-1491,-1046,169.21045780181885
3.3915207386016846,-1497,-1045,169.57603693008423
3.3966281414031982,-1503,-1048,169.8314070701599
3.4026803970336914,-1509,-1042,170.13401985168457
3.408461570739746,-1515,-1045,170.4230785369873
3.414090871810913,-1520,-1043,170.70454359054565
3.4201488494873047,-1526,-1050,171.00744247436523
3.4256186485290527,-1533,-1047,171.28093242645264
3.431546449661255,-1539,-1048,171.57732248306274
3.4376468658447266,-1545,-1047,171.88234329223633
3.4437034130096436,-1551,-1047,172.18517065048218
3.4498887062072754,-1557,-1046,172.49443531036377
3.4553160667419434,-1564,-1045,172.76580333709717
3.4609665870666504,-1570,-1046,173.04832935333252
3.4665892124176025,-1577,-1044,173.32946062088013
3.472640037536621,-1583,-1044,173.63200187683105
3.478424072265625,-1589,-1052,173.92120361328125
3.4840753078460693,-1593,-1047,174.20376539230347
3.4909441471099854,-1601,-1045,174.54720735549927
3.49645733833313,-1607,-1044,174.8228669166565
3.5066866874694824,-1619,-1045,175.33433437347412
3.5208141803741455,-1635,-1046,176.04070901870728
3.5289602279663086,-1641,-1046,176.44801139831543
3.534424304962158,-1647,-1044,176.7212152481079
3.541667938232422,-1654,-1040,177.0833969116211
3.5467944145202637,-1660,-1044,177.33972072601318
3.552863836288452,-1667,-1045,177.6431918144226
3.559248924255371,-1673,-1043,177.96244621276855
3.564338445663452,-1679,-1046,178.2169222831726
3.5703158378601074,-1683,-1044,178.51579189300537
3.575777769088745,-1689,-1045,178.78888845443726
3.581831932067871,-1696,-1046,179.09159660339355
3.5869569778442383,-1704,-1042,179.3478488922119
3.5939884185791016,-1708,-1044,179.69942092895508
3.6000752449035645,-1715,-1047,180.00376224517822
3.605703830718994,-1721,-1045,180.2851915359497
3.6116268634796143,-1727,-1047,180.5813431739807
3.616746425628662,-1733,-1048,180.8373212814331
3.622694492340088,-1739,-1049,181.1347246170044
3.6288816928863525,-1746,-1043,181.44408464431763
3.6341705322265625,-1750,-1027,181.70852661132812
3.640793800354004,-1758,-995,182.0396900177002
3.646383285522461,-1761,-938,182.31916427612305
3.652297258377075,-1767,-897,182.61486291885376
3.6576485633850098,-1771,-840,182.8824281692505
3.663545846939087,-1776,-779,183.17729234695435
3.6696972846984863,-1780,-741,183.48486423492432
3.674736976623535,-1784,-685,183.73684883117676
3.680665969848633,-1787,-637,184.03329849243164
3.686152696609497,-1790,-588,184.30763483047485
3.6928915977478027,-1794,-532,184.64457988739014
3.6993024349212646,-1797,-482,184.96512174606323
3.704695463180542,-1799,-438,185.2347731590271
3.7106106281280518,-1801,-388,185.5305314064026
3.7161664962768555,-1802,-351,185.80832481384277
3.7220687866210938,-1804,-343,186.1034393310547
3.7274270057678223,-1805,-268,186.3713502883911
3.733379364013672,-1807,-268,186.6689682006836
3.7395124435424805,-1807,-184,186.97562217712402
3.745741128921509,-1808,-164,187.28705644607544
3.751626968383789,-1808,-95,187.58134841918945
3.756685733795166,-1809,-95,187.8342866897583
3.7626912593841553,-1808,-43,188.13456296920776
3.7684502601623535,-1808,36,188.42251300811768
3.774317502975464,-1807,85,188.7158751487732
3.780254364013672,-1807,85,189.0127182006836
3.7857203483581543,-1806,110,189.28601741790771
3.792346954345703,-1805,153,189.61734771728516
3.797773599624634,-1803,186,189.8886799812317
3.80362606048584,-1802,207,190.181303024292
3.8098433017730713,-1800,264,190.49216508865356
3.815260410308838,-1798,281,190.7630205154419
3.8209292888641357,-1795,433,191.0464644432068
3.8483734130859375,-1783,551,192.41867065429688
3.873647928237915,-1769,616,193.68239641189575
3.8896703720092773,-1759,724,194.48351860046387
3.9493601322174072,-1714,883,197.46800661087036
4.006526231765747,-1659,920,200.32631158828735
4.043862342834473,-1630,961,202.19311714172363
4.08009934425354,-1586,996,204.004967212677
4.141877174377441,-1534,1004,207.09385871887207
4.174997568130493,-1498,1021,208.74987840652466
4.206722974777222,-1457,1025,210.33614873886108
4.237298965454102,-1437,1028,211.86494827270508
4.249892711639404,-1424,1029,212.49463558197021
4.257321834564209,-1415,1033,212.86609172821045
4.267549753189087,-1405,1030,213.37748765945435
4.274206161499023,-1397,1035,213.71030807495117
4.282657861709595,-1387,1036,214.13289308547974
4.33336877822876,-1337,1045,216.668438911438
4.356153249740601,-1314,1048,217.80766248703003
4.382553339004517,-1281,1051,219.12766695022583
4.416306972503662,-1251,1055,220.8153486251831
4.44053053855896,-1211,1061,222.026526927948
4.479570150375366,-1183,1058,223.9785075187683
4.506237745285034,-1145,1059,225.3118872642517
4.5278239250183105,-1130,1064,226.39119625091553
4.538964748382568,-1119,1060,226.94823741912842
4.550797462463379,-1107,1065,227.53987312316895
4.557331323623657,-1092,1063,227.86656618118286
4.590656042098999,-1057,1067,229.53280210494995
4.633771657943726,-1019,1067,231.68858289718628
4.650803089141846,-977,1070,232.54015445709229
4.696946859359741,-932,1069,234.84734296798706
4.74255633354187,-897,1070,237.1278166770935
4.775418043136597,-863,1071,238.77090215682983
4.804925441741943,-821,1067,240.24627208709717
4.8638811111450195,-773,1074,243.19405555725098
4.909927129745483,-724,1077,245.49635648727417
4.961644887924194,-668,1074,248.08224439620972
4.999401092529297,-627,1077,249.97005462646484
5.032218933105469,-593,1071,251.61094665527344
5.114629507064819,-498,1073,255.73147535324097
5.156438112258911,-438,1074,257.82190561294556
5.200859546661377,-393,1073,260.04297733306885
5.240450382232666,-352,1077,262.0225191116333
5.28574275970459,-320,1075,264.2871379852295
5.33575701713562,-266,1073,266.787850856781
5.379444599151611,-219,1074,268.97222995758057
5.420684814453125,-154,1074,271.03424072265625
5.475717306137085,-115,1076,273.78586530685425
5.53350305557251,-53,1082,276.6751527786255
5.56996488571167,-15,1074,278.4982442855835
5.625957489013672,46,1076,281.2978744506836
5.670694589614868,117,1078,283.5347294807434
5.72453498840332,181,1072,286.226749420166
5.780195951461792,211,1076,289.0097975730896
5.822314023971558,257,1075,291.1157011985779
5.861927270889282,300,1077,293.0963635444641
5.900050163269043,341,1080,295.00250816345215
5.995661973953247,445,1079,299.78309869766235
6.042604684829712,511,1079,302.1302342414856
6.086118459701538,541,1082,304.3059229850769
6.120956897735596,602,1083,306.0478448867798
6.193597316741943,658,1081,309.67986583709717
6.236692667007446,719,1083,311.8346333503723
6.294364929199219,781,1081,314.71824645996094
6.340598821640015,829,1078,317.02994108200073
6.377793788909912,863,1076,318.8896894454956
6.4045796394348145,898,1082,320.2289819717407
6.43730616569519,922,1081,321.8653082847595
6.508916139602661,999,1080,325.44580698013306
6.551520347595215,1045,1080,327.57601737976074
6.579487562179565,1083,1080,328.97437810897827
6.61013650894165,1107,1076,330.5068254470825
6.646433353424072,1159,1082,332.3216676712036
6.693667650222778,1198,1078,334.6833825111389
6.732954263687134,1243,1080,336.6477131843567
6.757864236831665,1272,1082,337.89321184158325
6.770890951156616,1293,1082,338.5445475578308
6.794773817062378,1315,1080,339.7386908531189
6.819847345352173,1334,1079,340.99236726760864
6.837719678878784,1356,1078,341.8859839439392
6.85064435005188,1373,1080,342.532217502594
6.879881381988525,1399,1080,343.99406909942627
6.911726236343384,1434,1080,345.5863118171692
6.930110931396484,1453,1081,346.5055465698242
6.948437929153442,1477,1079,347.4218964576721
6.96014666557312,1485,1082,348.007333278656
6.973581552505493,1501,1078,348.67907762527466
6.986345291137695,1513,1078,349.31726455688477
7.002679109573364,1535,1082,350.1339554786682
7.014587163925171,1548,1080,350.72935819625854
7.031776428222656,1563,1079,351.5888214111328
7.044193744659424,1576,1081,352.2096872329712
7.056735515594482,1593,1079,352.8367757797241
7.0699498653411865,1605,1081,353.4974932670593
7.085893869400024,1621,1076,354.2946934700012
7.099658250808716,1637,1079,354.9829125404358
7.134668588638306,1689,1082,356.7334294319153
7.185396194458008,1729,1078,359.2698097229004
7.209664583206177,1755,1078,360.48322916030884
7.2304723262786865,1783,1078,361.5236163139343
7.250736951828003,1803,1076,362.53684759140015
7.263772487640381,1814,1076,363.18862438201904
7.284486532211304,1839,1078,364.2243266105652
7.303809881210327,1857,1078,365.19049406051636
7.322866201400757,1881,1075,366.14331007003784
7.347531318664551,1905,1074,367.37656593322754
7.365673542022705,1924,1073,368.28367710113525
7.387321710586548,1947,1076,369.3660855293274
7.402729511260986,1969,1077,370.1364755630493
7.4205992221832275,1986,1080,371.0299611091614
7.433000326156616,1997,1073,371.6500163078308
7.4497504234313965,2014,1078,372.4875211715698
7.460605621337891,2031,1073,373.03028106689453
7.473679780960083,2040,1075,373.68398904800415
7.48752236366272,2057,1073,374.376118183136
7.5015740394592285,2070,1071,375.0787019729614
7.5107197761535645,2085,1077,375.5359888076782
7.5319740772247314,2103,1073,376.5987038612366
7.542236566543579,2113,1077,377.11182832717896
7.547627687454224,2119,1075,377.3813843727112
7.553652286529541,2126,1073,377.68261432647705
7.560004949569702,2133,1074,378.0002474784851
7.56571626663208,2139,1076,378.285813331604
7.57172417640686,2145,1074,378.586208820343
7.576818943023682,2152,1072,378.8409471511841
7.582769155502319,2159,1073,379.13845777511597
7.589931964874268,2165,1078,379.4965982437134
7.5953145027160645,2171,1072,379.7657251358032
7.600967884063721,2178,1077,380.04839420318604
7.606629848480225,2184,1076,380.33149242401123
7.612545728683472,2191,1074,380.6272864341736
7.618351936340332,2197,1073,380.9175968170166
7.623860597610474,2201,1072,381.1930298805237
7.630016565322876,2207,1078,381.5008282661438
7.6356189250946045,2214,1075,381.7809462547302
7.644737005233765,2225,1074,382.23685026168823
7.659714698791504,2240,1072,382.9857349395752
7.672459840774536,2255,1074,383.6229920387268
7.695820093154907,2279,1075,384.79100465774536
7.706568002700806,2291,1067,385.3284001350403
7.721946716308594,2306,971,386.0973358154297
7.741704940795898,2324,799,387.0852470397949
7.753273963928223,2333,682,387.66369819641113
7.764453411102295,2341,592,388.22267055511475
7.77643895149231,2346,535,388.8219475746155
7.784040451049805,2349,429,389.20202255249023
7.801901817321777,2355,286,390.09509086608887
7.812772989273071,2358,188,390.63864946365356
7.82461142539978,2360,154,391.230571269989
7.841790199279785,2360,31,392.08950996398926
7.8558878898620605,2359,-61,392.794394493103
7.867465496063232,2357,-169,393.3732748031616
7.883265495300293,2354,-315,394.16327476501465
7.910921812057495,2338,-492,395.54609060287476
7.9407877922058105,2326,-595,397.0393896102905
7.972142696380615,2311,-695,398.60713481903076
8.002119064331055,2289,-799,400.10595321655273
8.053828716278076,2248,-895,402.6914358139038
8.096611976623535,2203,-932,404.83059883117676
8.126879692077637,2158,-966,406.34398460388184
8.187484979629517,2113,-992,409.37424898147583
8.236931562423706,2065,-1017,411.8465781211853
8.287357330322266,2023,-1030,414.3678665161133
8.326565027236938,1969,-1037,416.3282513618469
8.380046129226685,1927,-1043,419.00230646133423
8.46896243095398,1831,-1045,423.448121547699
8.510512590408325,1763,-1047,425.52562952041626
8.564990520477295,1723,-1047,428.24952602386475
8.604437112808228,1681,-1047,430.2218556404114
8.634989738464355,1653,-1048,431.7494869232178
8.682943344116211,1599,-1045,434.14716720581055
8.738236904144287,1553,-1047,436.91184520721436
8.764594793319702,1513,-1045,438.2297396659851
8.796094179153442,1492,-1048,439.8047089576721
8.819486379623413,1467,-1048,440.97431898117065
8.870587587356567,1383,-1048,443.52937936782837
8.927945375442505,1349,-1052,446.39726877212524
8.959415197372437,1320,-1053,447.9707598686218
8.984114408493042,1295,-1051,449.2057204246521
9.002540349960327,1271,-1051,450.12701749801636
9.026097774505615,1251,-1048,451.30488872528076
9.05652141571045,1206,-1054,452.82607078552246
9.090660810470581,1173,-1057,454.53304052352905
9.132573366165161,1131,-1053,456.62866830825806
9.175969362258911,1093,-1057,458.79846811294556
9.2009437084198,1052,-1062,460.04718542099
9.246895551681519,1005,-1057,462.3447775840759
9.279965877532959,983,-1059,463.99829387664795
9.316964149475098,917,-1055,465.8482074737549
9.366675615310669,879,-1054,468.33378076553345
9.396827459335327,853,-1056,469.84137296676636
9.416873693466187,830,-1058,470.8436846733093
9.444701433181763,805,-1062,472.23507165908813
9.464038133621216,787,-1062,473.2019066810608
9.494426727294922,751,-1062,474.7213363647461
9.516855239868164,726,-1059,475.8427619934082
9.555978298187256,690,-1059,477.7989149093628
9.576628923416138,665,-1058,478.8314461708069
9.595633029937744,647,-1061,479.7816514968872
9.612473726272583,627,-1060,480.62368631362915
9.633665323257446,607,-1057,481.6832661628723
9.646992206573486,588,-1060,482.3496103286743
9.664456367492676,571,-1060,483.2228183746338
9.677665948867798,559,-1057,483.8832974433899
9.69015383720398,548,-1060,484.507691860199
9.703540802001953,533,-1059,485.17704010009766
9.716238737106323,520,-1066,485.81193685531616
9.728973150253296,503,-1060,486.4486575126648
9.740723133087158,489,-1060,487.0361566543579
9.754229307174683,480,-1063,487.71146535873413
9.766793966293335,461,-1058,488.33969831466675
9.782013893127441,448,-1063,489.10069465637207
9.795764923095703,435,-1062,489.78824615478516
9.804965019226074,423,-1063,490.2482509613037
9.821756362915039,407,-1060,491.08781814575195
9.830384492874146,399,-1065,491.5192246437073
9.84577751159668,383,-1062,492.288875579834
9.856706857681274,365,-1057,492.8353428840637
9.872427225112915,353,-1063,493.62136125564575
9.884611129760742,337,-1066,494.2305564880371
9.896872520446777,323,-1063,494.84362602233887
9.90974473953247,315,-1064,495.48723697662354
9.936185359954834,287,-1064,496.8092679977417
9.947944164276123,269,-1061,497.39720821380615
9.959791421890259,261,-1062,497.98957109451294
9.965369701385498,255,-1062,498.2684850692749
9.97153091430664,249,-1061,498.57654571533203
9.976669311523438,242,-1060,498.8334655761719
9.9826180934906,236,-1058,499.13090467453003
9.989843368530273,229,-1065,499.4921684265137
9.995266437530518,223,-1060,499.7633218765259
10.000957727432251,217,-1059,500.04788637161255
