0.0002117156982421875,0.001995373393777805,59,0
0.031995534896850586,0.3013680394653028,59,0
0.04668426513671875,0.43942120289864145,59,0
0.06001782417297363,0.5644488396927609,59,0
0.07283949851989746,0.6843412673654761,59,0
0.08668899536132812,0.8133934663937347,59,0
0.0998537540435791,0.9355526157940492,59,0
0.10958623886108398,1.025496650371806,59,0
0.11509275436401367,1.0762348995079036,59,0
0.12270808219909668,1.1462120080800688,59,0
0.12893462181091309,1.2032527191823945,59,0
0.13416051864624023,1.250999032312227,59,0
0.14065909385681152,1.310203293868637,59,0
0.14695262908935547,1.3673522710846036,59,0
0.15221786499023438,1.415016190323579,59,0
0.15820717811584473,1.469065161129237,59,2
0.1638317108154297,1.5196519154376278,60,6
0.17080998420715332,1.5821760851037079,60,14
0.17715167999267578,1.6387594830005752,61,34
0.18294978141784668,1.6902879768531507,61,34
0.18905234336853027,1.7443040575540232,61,66
0.19454383850097656,1.792714263528015,62,76
0.20061373710632324,1.8459996700887316,63,84
0.20696282386779785,1.9014772717667623,63,81
0.21224474906921387,1.947422950726403,65,98
0.21864843368530273,2.002867117072735,65,98
0.22504162788391113,2.0579293607856215,66,120
0.2310035228729248,2.109007848902195,67,126
0.23732781410217285,2.1628998997759785,67,136
0.24307703971862793,2.2116250511834243,69,144
0.24916529655456543,2.262940237486445,70,158
0.25470662117004395,2.3093866819107154,71,165
0.2621326446533203,2.37123438776009,73,186
0.2681443691253662,2.420963349077178,73,193
0.27485013008117676,2.476066309385173,75,197
0.2808949947357178,2.525399724824048,76,201
0.287261962890625,2.5770072316280745,77,207
0.2929060459136963,2.6224452679139736,79,212
0.29912757873535156,2.672187973166787,81,226
0.30466294288635254,2.71613585988769,82,233
0.310683012008667,2.7635962259068734,83,236
0.3170356750488281,2.8132926482478884,85,244
0.3233642578125,2.8623996033589023,87,255
0.3294699192047119,2.909390810949209,88,268
0.3349955081939697,2.9515855758707636,90,274
0.3409855365753174,2.9969650781457675,91,282
0.34731578826904297,3.0445067077878036,93,291
0.35297536849975586,3.0866446303909356,97,300
0.36717891693115234,3.1908383809611065,100,316
0.3737192153930664,3.2380518428905716,102,323
0.37995076179504395,3.2825787473718524,104,326
0.386627197265625,3.3297818450543546,106,333
0.3922078609466553,3.368833404885039,109,340
0.39860963821411133,3.4131714898013312,110,345
0.4039139747619629,3.4495325812076256,112,351
0.4100325107574463,3.4910464561263823,115,361
0.4166226387023926,3.5352404771207264,117,375
0.4232027530670166,3.5788230814715045,120,379
0.4293057918548584,3.6187538455252857,122,388
0.43488597869873047,3.6548447221344484,125,392
0.4409010410308838,3.6932952669954635,127,394
0.447354793548584,3.7340219704600113,129,400
0.45301294326782227,3.7692735862925772,132,410
0.45911622047424316,3.806817663157843,135,411
0.46471095085144043,3.840790944300273,137,412
0.4707918167114258,3.8772316651456,140,434
0.4778783321380615,3.919055879554856,143,439
0.48365044593811035,3.952606161019014,145,454
0.4897770881652832,3.9877051542166013,148,455
0.4961118698120117,4.02343727557281,151,455
0.5016133785247803,4.05400395888655,154,463
0.5077271461486816,4.087460809078886,157,464
0.5133638381958008,4.117826072040211,159,471
0.5196688175201416,4.151240499127841,163,482
0.526970624923706,4.189204790027678,165,489
0.5325443744659424,4.217650680044722,169,500
0.5465662479400635,4.287146326136,177,511
0.5545547008514404,4.325402899292838,181,506
0.5607137680053711,4.354229462970047,183,515
0.5670673847198486,4.383351578971822,187,522
0.5727159976959229,4.408714472286768,191,543
0.5841505527496338,4.458524019353416,198,550
0.5995404720306396,4.522289536935612,205,551
0.6081898212432861,4.5564596146432725,213,566
0.6200132369995117,4.6012080615246695,216,574
0.6274664402008057,4.628243433424525,221,573
0.6331484317779541,4.648240632596261,224,582
0.6392405033111572,4.6690886983514055,227,573
0.6448216438293457,4.687647943558551,231,586
0.6510629653930664,4.707787947964318,235,591
0.6574051380157471,4.727585914534787,243,600
0.6725800037384033,4.772208926434932,248,599
0.684114933013916,4.803518377758449,255,608
0.6918835639953613,4.823326100912242,261,621
0.6987388134002686,4.839946095265125,263,623
0.7040026187896729,4.852159405628667,267,634
0.7101168632507324,4.865746190123764,271,631
0.7166802883148193,4.87961181353476,275,633
0.7221662998199463,4.890628395346651,279,632
0.7293658256530762,4.904292246689583,283,635
0.7349083423614502,4.914196114024415,287,644
0.7409090995788574,4.924314052425439,291,651
0.7472989559173584,4.934395401986033,295,651
0.7529122829437256,4.942661025705646,299,652
0.7633130550384521,4.956513007353346,307,655
0.7716543674468994,4.966245850083026,311,665
0.779083251953125,4.973880517869807,316,668
0.7847034931182861,4.979008483120204,321,667
0.7908484935760498,4.983975735220112,323,664
0.7971901893615723,4.9884008510915985,328,668
0.8027212619781494,4.9916783933322675,333,672
0.8088629245758057,4.994682007728359,335,680
0.8141043186187744,4.996715957481802,339,679
0.8201427459716797,4.998454574227819,343,680
0.8266885280609131,4.9996078058658275,349,676
0.8330681324005127,4.99999937527003,353,681
0.8393065929412842,4.999683072118632,357,682
0.8448376655578613,4.998824431160756,361,689
0.85086989402771,4.997268560694827,364,690
0.8571875095367432,4.9949464341481375,369,689
0.8628427982330322,4.992266912147951,373,689
0.8688943386077881,4.988771346107011,376,683
0.874176025390625,4.985189952181222,382,698
0.8814547061920166,4.979444857974509,386,699
0.8877878189086914,4.973683493552643,390,697
0.8935372829437256,4.9678392552258215,395,692
0.8997910022735596,4.960819997666082,399,689
0.9061660766601562,4.952955011369198,403,697
0.9117910861968994,4.945421412325541,407,702
0.9178645610809326,4.936662987522572,411,700
0.923490047454834,4.9279733944401345,415,697
0.9296000003814697,4.917907756203153,419,696
0.9369924068450928,4.904857460116951,423,692
0.9425530433654785,4.894413154615499,429,697
0.948735237121582,4.882170231813875,432,701
0.953986406326294,4.871250270527409,436,699
0.9601900577545166,4.857734723492619,441,697
0.966759443283081,4.8426982773979015,445,691
0.9721155166625977,4.829889321906818,449,697
0.9781239032745361,4.81493455069173,455,699
0.9847095012664795,4.797833741927488,459,701
0.9907436370849609,4.781515798756202,461,702
0.9970436096191406,4.763818940723007,465,695
1.002614974975586,4.747608948503424,471,689
1.008744239807129,4.72917093961776,474,692
1.014007806777954,4.712833214772925,478,697
1.0202150344848633,4.692970431356637,482,699
1.0268125534057617,4.671154487098871,487,696
1.033289909362793,4.649033072993639,492,687
1.0395839214324951,4.62687389547607,496,686
1.045112133026123,4.606873543524455,500,689
1.051107406616211,4.584618077178644,505,688
1.057448387145996,4.560442244757497,509,691
1.0630848407745361,4.538405460318423,513,683
1.0691580772399902,4.514087690990961,517,680
1.074711799621582,4.491332189775293,521,673
1.0808780193328857,4.465490568956336,526,678
1.0894381999969482,4.42861697509447,530,682
1.0961925983428955,4.398707622204968,534,676
1.101715326309204,4.373722206536007,538,673
1.1077795028686523,4.345741365143107,542,661
1.1134216785430908,4.319197692278338,546,665
1.1195709705352783,4.2897120187737405,550,665
1.1250731945037842,4.262840339769276,554,668
1.1311194896697998,4.2327828555251195,559,659
1.1381511688232422,4.197135576523396,562,654
1.1439452171325684,4.16720812545512,565,645
1.1500065326690674,4.135368264172835,569,643
1.1565744876861572,4.100257794549163,577,650
1.169426441192627,4.029741859735776,583,645
1.1750068664550781,3.9983844360170475,586,635
1.1811134815216064,3.9635634409434286,591,626
1.1887078285217285,3.9195270183622264,593,622
1.1940054893493652,3.8883320095191474,597,629
1.2002527713775635,3.85104723247395,601,622
1.2068562507629395,3.8110561598281874,605,619
1.2122061252593994,3.7782237465286124,609,610
1.2182185649871826,3.7408667711296295,612,604
1.2238891124725342,3.705193714419102,615,596
1.2299773693084717,3.666421754518265,619,598
1.2373497486114502,3.6188262059325536,624,596
1.2430222034454346,3.581729050869703,627,598
1.249114751815796,3.541428562098177,631,586
1.25465726852417,3.5043605218170284,635,581
1.2617263793945312,3.456528223548811,637,568
1.2678184509277344,3.4148142882112382,641,570
1.2734594345092773,3.3757874288915994,645,564
1.2795758247375488,3.333040364360794,648,560
1.2868645191192627,3.2815220863004657,651,560
1.2925982475280762,3.2405589177965317,655,549
1.2988801002502441,3.1952454597192674,657,546
1.304182529449463,3.1566480367361494,662,532
1.3105149269104004,3.1101404374513475,664,531
1.3169541358947754,3.0623940249057466,667,526
1.3226463794708252,3.0198104101057694,671,525
1.3287978172302246,2.973400866657418,673,523
1.3340797424316406,2.9332321303075233,677,514
1.3411178588867188,2.879256511732678,680,508
1.3474714756011963,2.8300948696964388,683,494
1.3531181812286377,2.786062103234997,686,490
1.3592150211334229,2.738164983865685,689,488
1.3647470474243164,2.694391971173792,692,479
1.3708035945892334,2.646132822056186,693,481
1.3771858215332031,2.594905558722758,697,476
1.3829386234283447,2.548408380147944,700,462
1.3898577690124512,2.4920877415162157,703,455
1.396216869354248,2.4399517214900484,705,443
1.401721477508545,2.394538038329648,708,441
1.407813549041748,2.343977384251539,711,433
1.4134838581085205,2.2966392446799584,713,424
1.4195992946624756,2.245291085353751,715,426
1.4255704879760742,2.194866133308138,718,421
1.431654453277588,2.143202917088867,721,414
1.4389851093292236,2.0805793805916393,723,410
1.4445595741271973,2.0326919051787176,726,390
1.4506587982177734,1.9800395603734922,727,384
1.4570708274841309,1.9244048255754933,729,376
1.4626269340515137,1.8759689804581552,733,372
1.468775987625122,1.8221244169736008,734,362
1.4740443229675293,1.7757969320996911,736,354
1.4801130294799805,1.722214564476042,738,352
1.4867033958435059,1.6637712889339447,741,343
1.4931817054748535,1.6060714427350455,743,337
1.4993538856506348,1.5508752682573483,745,333
1.5049278736114502,1.5008479730167095,747,323
1.51108717918396,1.445374909631809,749,314
1.5174589157104492,1.3877836840535205,750,304
1.5231389999389648,1.3362749642563956,751,290
1.5292394161224365,1.2807841067066432,753,286
1.534905195236206,1.2290949726283946,755,272
1.5419552326202393,1.1645821213998404,757,268
1.5492866039276123,1.0972768923807317,759,256
1.5548737049102783,1.0458434547997923,760,248
1.5659441947937012,0.9435942305295644,763,237
1.5738551616668701,0.8702726705326242,764,227
1.5800926685333252,0.8123240614571218,765,218
1.5867090225219727,0.7507332788401123,767,212
1.593325138092041,0.6890279549269561,768,195
1.599536657333374,0.6309983956904334,769,193
1.60506010055542,0.579324108313859,770,184
1.611083745956421,0.522898813288928,771,179
1.6174736022949219,0.4629695881736165,772,164
1.6270551681518555,0.37298278954195935,773,140
1.6396174430847168,0.25482248533379454,775,119
1.6540133953094482,0.11924296677821193,777,111
1.6641845703125,0.023393121670360253,777,111
1.673356056213379,-0.06304434054910064,777,77
1.6795284748077393,-0.12120781140064435,778,73
1.685060739517212,-0.1733253204159574,778,65
1.6924800872802734,-0.24318977180318452,778,65
1.7000172138214111,-0.31411451378936156,779,70
1.7066497802734375,-0.3764753291046152,779,70
1.7119994163513184,-0.42673134383960104,779,70
1.718092918395996,-0.4839222993514479,779,70
1.7239232063293457,-0.5385831784335651,779,70
1.7301769256591797,-0.5971413842314507,779,70
1.73677659034729,-0.6588487822668255,779,70
1.7433335781097412,-0.7200561956769649,779,8
1.7494373321533203,-0.7769341557074476,779,8
1.7551002502441406,-0.8296123686738701,779,8
1.7611010074615479,-0.8853299817513777,778,0
1.7674739360809326,-0.9443790558089848,778,0
1.7731382846832275,-0.996748577165769,778,0
1.7792012691497803,-1.0526776124636417,778,-5
1.7847347259521484,-1.1036021138980006,777,-39
1.790801763534546,-1.1592989787782295,777,-64
1.7979133129119873,-1.2243911650296722,777,-64
1.8037397861480713,-1.2775575734130555,777,-64
1.8098793029785156,-1.3334136353084483,777,-64
1.8164641857147217,-1.393122863694568,776,-41
1.821993112564087,-1.443091702701546,775,-79
1.8281466960906982,-1.49852146752662,775,-79
1.8338673114776611,-1.5498704996341184,775,-79
1.8399741649627686,-1.6044874386505517,774,-99
1.8473806381225586,-1.6704416181800783,773,-103
1.853064775466919,-1.7208383675457652,773,-103
1.8592839241027832,-1.7757521203281614,772,-85
1.8648509979248047,-1.824701424029718,771,-146
1.8709282875061035,-1.8779072904089726,770,-116
1.8772966861724854,-1.9333972412462723,769,-123
1.8829500675201416,-1.9824238264217104,769,-123
1.8890609741210938,-2.0351647558616635,767,-147
1.8961563110351562,-2.096062681169219,767,-158
1.901721477508545,-2.143565629712949,765,-163
1.9078445434570312,-2.195557940214882,765,-169
1.9135112762451172,-2.2434149911231933,763,-174
1.9197475910186768,-2.2957862565451346,762,-188
1.9257028102874756,-2.3455009306384826,761,-190
1.9316108226776123,-2.3945294903901613,759,-198
1.9377973079681396,-2.4455506112585277,758,-207
1.9434738159179688,-2.4920734558449342,757,-209
1.9506254196166992,-2.550278902052582,755,-216
1.9569859504699707,-2.601656915912719,754,-230
1.9677352905273438,-2.6876322186140866,751,-245
1.97645902633667,-2.756596880446865,749,-246
1.9819955825805664,-2.7999801303069023,747,-252
1.9880757331848145,-2.8472713557284837,746,-264
1.9938647747039795,-2.8919508796723026,743,-275
2.000981569290161,-2.9464055017496764,742,-286
2.0073482990264893,-2.9946718998614306,740,-288
2.0130228996276855,-3.0373279359158167,738,-299
2.0191571712493896,-3.083048307875074,736,-304
2.024695634841919,-3.1239740449051014,735,-308
2.0307624340057373,-3.1684129431498516,733,-316
2.037130355834961,-3.214611741651106,731,-320
2.042917251586914,-3.2561937247974537,729,-329
2.0497994422912598,-3.3051412215218243,727,-334
2.0562007427215576,-3.350169431302323,724,-340
2.0617125034332275,-3.3885498632501556,722,-348
2.067831516265869,-3.4307302173956344,720,-354
2.0735299587249756,-3.4696011319645144,718,-364
2.079770088195801,-3.5117077154461738,715,-375
2.086108922958374,-3.5539828633286885,713,-384
2.09161639213562,-3.5903017309135854,711,-393
2.0993056297302246,-3.6403601446052467,707,-395
2.1070008277893066,-3.689691744487454,705,-397
2.112574338912964,-3.7249376931511113,702,-402
2.1187241077423096,-3.7633505602517556,700,-410
2.1240434646606445,-3.7961687905026316,697,-413
2.1301369667053223,-3.833293977920737,695,-422
2.136737108230591,-3.8729352277185507,692,-434
2.142117500305176,-3.904807287764313,689,-439
2.149259090423584,-3.9464913366754635,686,-452
2.15488338470459,-3.978816222146278,683,-454
2.161327838897705,-4.015304896612332,681,-454
2.1675541400909424,-4.0499956865598,677,-463
2.1733243465423584,-4.081647333453175,675,-463
2.1794686317443848,-4.114820024488093,672,-469
2.185002326965332,-4.14422390456296,669,-482
2.1910486221313477,-4.175835950819986,666,-487
2.1973752975463867,-4.208333139783842,663,-499
2.2038276195526123,-4.240859246879753,660,-499
2.210045099258423,-4.271608091681899,657,-501
2.2166874408721924,-4.303809798096619,653,-506
2.2222084999084473,-4.330062352593451,650,-505
2.2286064624786377,-4.359897781176249,647,-515
2.2339320182800293,-4.3842488916513735,645,-522
2.240034818649292,-4.411610587952542,641,-535
2.246633529663086,-4.4405387045240055,637,-543
2.253084182739258,-4.468153739383269,633,-541
2.2598931789398193,-4.496586093917424,630,-543
2.2662413120269775,-4.522426913239552,627,-544
2.2717385292053223,-4.5442809569973965,623,-554
2.2778425216674805,-4.567975443589276,620,-558
2.283635377883911,-4.589902946658073,615,-576
2.2920219898223877,-4.620678172646079,612,-571
2.298126697540283,-4.642354052208201,607,-578
2.3047730922698975,-4.665254256515562,604,-573
2.3108153343200684,-4.6854375290598504,601,-583
2.3171865940093994,-4.706061468742495,597,-582
2.3228416442871094,-4.72379852786817,593,-595
2.3294007778167725,-4.743698800502372,589,-602
2.334980010986328,-4.760055478185206,586,-605
2.3411383628845215,-4.777498634979057,583,-599
2.3474628925323486,-4.794742402852447,579,-607
2.353987216949463,-4.811816826870869,575,-608
2.360117197036743,-4.827196190446806,567,-621
2.3731117248535156,-4.857664286393715,563,-630
2.3793082237243652,-4.871168012817389,559,-627
2.384891986846924,-4.882767261507553,555,-628
2.3910791873931885,-4.894988246140398,551,-629
2.397442579269409,-4.906862729448938,547,-637
2.4040942192077637,-4.918520426307666,543,-642
2.410198926925659,-4.928539165331095,539,-647
2.41680645942688,-4.938647636393357,535,-648
2.422149181365967,-4.946261055276235,531,-643
2.428147077560425,-4.954210369431754,527,-645
2.4337997436523438,-4.961122530965214,524,-649
2.439908504486084,-4.967959159844019,520,-658
2.4462294578552246,-4.974339845517327,516,-661
2.4517571926116943,-4.979341056655653,511,-664
2.4591102600097656,-4.985155829147275,507,-655
2.464674711227417,-4.988919656433196,503,-661
2.4708664417266846,-4.992462624143796,500,-665
2.4772300720214844,-4.995395325900724,495,-674
2.4828994274139404,-4.9974026770332935,491,-676
2.488996744155884,-4.9989246022870235,487,-677
2.4942522048950195,-4.999706545642337,482,-670
2.500588893890381,-4.999996919534795,478,-669
2.5077412128448486,-4.999467704780248,474,-683
2.5133965015411377,-4.99840594987384,470,-685
2.5196688175201416,-4.996564032794259,466,-687
2.5252127647399902,-4.994354512450123,462,-680
2.5314040184020996,-4.991242384353876,458,-683
2.537609577178955,-4.987440936338398,453,-678
2.5432825088500977,-4.983368699977143,449,-688
2.549508810043335,-4.9782433502815655,445,-692
2.5568206310272217,-4.971349041319546,441,-688
2.562248706817627,-4.965620101237752,436,-687
2.5686416625976562,-4.9582061974471205,433,-682
2.573932647705078,-4.951525673283034,429,-689
2.580204486846924,-4.942968835250874,425,-693
2.5868422985076904,-4.9331602388406255,421,-697
2.5921683311462402,-4.92473153480266,415,-691
2.5981667041778564,-4.914644572140952,412,-686
2.6039364337921143,-4.904349265471079,407,-687
2.610949754714966,-4.891053958781257,403,-693
2.6173288822174072,-4.878218525428172,398,-699
2.6230130195617676,-4.8661871874731775,394,-696
2.629082202911377,-4.852724214158919,390,-696
2.6346323490142822,-4.8398565966892475,386,-685
2.6407930850982666,-4.824953102052945,383,-691
2.647196054458618,-4.808774107187729,377,-692
2.6528420448303223,-4.793926610303364,373,-694
2.659601926803589,-4.77543580579159,369,-691
2.6651451587677,-4.759694283448289,365,-686
2.6713361740112305,-4.741499007294955,361,-686
2.6775176525115967,-4.722687540536182,357,-686
2.6833975315093994,-4.704198855744115,353,-692
2.689537525177002,-4.684275536081986,349,-690
2.6950387954711914,-4.665891760109326,345,-687
2.7013258934020996,-4.644267738415308,341,-673
2.708683490753174,-4.618133741448371,337,-674
2.7139790058135986,-4.598774195787367,333,-679
2.720083713531494,-4.575887920430391,329,-680
2.7266690731048584,-4.550520455279639,324,-683
2.7321784496307373,-4.528758943197122,319,-674
2.7381608486175537,-4.50457600671517,316,-667
2.7438125610351562,-4.48120358674072,313,-663
2.7499332427978516,-4.4553182236932765,308,-669
2.75624680519104,-4.427995820198392,303,-668
2.763057231903076,-4.397820219992632,295,-662
2.7767817974090576,-4.3348128322048005,291,-653
2.7824575901031494,-4.30790573720171,286,-654
2.7887744903564453,-4.2773797281228125,283,-652
2.794067621231079,-4.251333863204594,279,-657
2.8005306720733643,-4.218957596154769,275,-651
2.8070273399353027,-4.1857818931520425,270,-649
2.813476085662842,-4.152230120168516,267,-638
2.8197004795074463,-4.1192636833327665,263,-636
2.8256356716156006,-4.087300758208313,259,-635
2.8314497470855713,-4.055494042468793,255,-638
2.8376615047454834,-4.020973650779486,251,-633
2.843370199203491,-3.9887626986004467,247,-633
2.849463701248169,-3.9538709793215023,244,-622
2.8550093173980713,-3.9216629854352028,240,-620
2.8622400760650635,-3.8790248913749554,235,-614
2.8686604499816895,-3.8405612233450044,233,-614
2.873934507369995,-3.8085439332331017,229,-610
2.880168914794922,-3.770211438235284,225,-612
2.8867344856262207,-3.729279996090158,222,-596
2.8921091556549072,-3.695347484080784,217,-597
2.898141860961914,-3.6568089198798464,215,-587
2.9038219451904297,-3.6200907054070024,211,-594
2.9109854698181152,-3.57319179822362,207,-586
2.9173545837402344,-3.5309464323278763,203,-592
2.923002243041992,-3.4930604607776594,200,-571
2.929074764251709,-3.451882876479182,197,-567
2.9346094131469727,-3.413958499375803,193,-557
2.940795660018921,-3.371129693890793,191,-560
2.9471817016601562,-3.326436902675568,187,-561
2.9528372287750244,-3.2864539773835526,183,-557
2.9589226245880127,-3.2430149906937524,180,-553
2.9656715393066406,-3.194340869066096,177,-537
2.9714620113372803,-3.1521668327416017,173,-537
2.9776978492736816,-3.1063292290082654,171,-519
2.983361005783081,-3.0643291863790516,167,-524
2.9896435737609863,-3.0173270093956455,165,-514
2.9961094856262207,-2.9685113845649567,161,-517
3.0017659664154053,-2.925444853162198,158,-514
3.007873773574829,-2.878568790966397,155,-505
3.0146281719207764,-2.8262862728903415,151,-494
3.020676851272583,-2.779077302839569,149,-484
3.0271098613739014,-2.728472416330846,145,-478
3.0326995849609375,-2.6841751801722418,143,-476
3.038886308670044,-2.634799645133983,141,-464
3.0442116260528564,-2.592011690375932,137,-472
3.0505518913269043,-2.5407285929588173,135,-463
3.056957721710205,-2.4885466650206696,133,-454
3.063539743423462,-2.4345516263288167,129,-449
3.069707155227661,-2.383617565777765,127,-434
3.075669288635254,-2.334072508538286,124,-424
3.0816192626953125,-2.284334600061719,121,-421
3.089559555053711,-2.217512434686132,119,-413
3.095095634460449,-2.1706283132943627,116,-408
3.101349353790283,-2.117382572813829,113,-410
3.1076066493988037,-2.06381191121714,111,-399
3.1139910221099854,-2.0088574448590015,109,-390
3.1204893589019775,-1.9526233019013974,107,-376
3.126915216445923,-1.8967282514325403,105,-366
3.1324868202209473,-1.848038358119274,102,-361
3.1387040615081787,-1.7934658959315741,101,-356
3.1440207958221436,-1.7466020545937344,99,-347
3.150115728378296,-1.692663328856071,97,-339
3.1566824913024902,-1.6342991973637415,95,-335
3.161973714828491,-1.5870892281516997,90,-319
3.176624059677124,-1.4555650080940892,88,-315
3.182227849960327,-1.4049577321992859,86,-299
3.188737630844116,-1.3459721074249043,85,-293
3.1940646171569824,-1.2975527030784813,83,-290
3.2005786895751953,-1.2381660244473114,81,-277
3.2069637775421143,-1.1797740327236361,80,-263
3.212552785873413,-1.1285216822356936,78,-258
3.219573974609375,-1.063959129197418,77,-255
3.2251052856445312,-1.0129647800760477,75,-245
3.2311336994171143,-0.9572623185432425,74,-233
3.237478017807007,-0.8985075484242822,73,-231
3.2432796955108643,-0.8446654868054445,71,-219
3.249488115310669,-0.7869369635377579,70,-212
3.2550160884857178,-0.7354445783681761,69,-209
3.2619919776916504,-0.6703517697962859,67,-190
3.2692463397979736,-0.6025377218448777,67,-188
3.2748045921325684,-0.5505020719948497,65,-171
3.2808115482330322,-0.49419794615108315,65,-168
3.2871761322021484,-0.4344727462548341,64,-157
3.292711019515991,-0.38248227319129224,63,-153
3.298985719680786,-0.32349252161724973,62,-143
3.304536819458008,-0.2712674960449499,61,-136
3.310617685317993,-0.21402452673810005,61,-132
3.3176403045654297,-0.14788174299601983,61,-114
3.32330322265625,-0.09452593445686701,60,-94
3.3293590545654297,-0.03745634459672634,59,-91
3.3349037170410156,0.01480049614390894,59,-83
3.340883255004883,0.07115393353007894,59,-83
3.3471968173980713,0.13064538861096547,59,-83
3.3529770374298096,0.18509524728039228,58,-63
3.3591582775115967,0.24329825024478985,58,-63
3.3647351264953613,0.2957821417883648,58,-53
3.371762990951538,0.3618743195747796,57,-45
3.377847671508789,0.4190456356553023,57,-45
3.383596181869507,0.47300780353183697,57,-39
3.3896758556365967,0.5300180944339342,57,-39
3.3951761722564697,0.5815358719330764,57,-21
3.40138840675354,0.6396462498267284,57,-21
3.4075982570648193,0.697646670402133,57,-21
3.413250207901001,0.7503533883066723,58,0
3.4201724529266357,0.8147894737830323,58,0
3.426806688308716,0.8764145672372057,58,0
3.4324512481689453,0.9287390789918327,58,16
3.4386656284332275,0.9862239472243951,58,16
3.443943500518799,1.0349398774695868,58,16
3.4500269889831543,1.0909644448077667,59,30
3.456648349761963,1.1517791440149079,59,30
3.4618844985961914,1.1997446210043035,59,30
3.4691312313079834,1.2659341621214735,59,30
3.474698066711426,1.3166202394246862,59,26
3.4808437824249268,1.3724084366716205,60,40
3.4872264862060547,1.4301528465370947,61,51
3.4928557872772217,1.4809096853086756,61,51
3.498939275741577,1.5355740916667908,61,75
3.504214286804199,1.5828105700485773,62,83
3.5106348991394043,1.6400940292373556,63,89
3.5169599056243896,1.696289665896306,63,88
3.5234358310699463,1.7535762926707004,64,101
3.529562473297119,1.8075327369375012,65,101
3.5350840091705322,1.8559537756760276,65,114
3.5413882732391357,1.91099282684188,67,136
3.557629346847534,2.0515228987566476,71,158
3.578185796737671,2.226619686984159,73,181
3.590632438659668,2.3310302409081882,75,183
3.596968650817871,2.3836932841004446,76,186
3.6029841899871826,2.4333765451017104,77,197
3.609015941619873,2.4828795713415546,79,196
3.61457896232605,2.5282513257940877,80,209
3.621626138687134,2.5853280150185918,81,219
3.6277904510498047,2.6348804902731997,83,222
3.6334474086761475,2.6800416792667243,85,232
3.639686346054077,2.7294954239592824,86,238
3.645597219467163,2.776000603446482,87,254
3.651437759399414,2.821613962209576,89,262
3.657688617706299,2.8700528139742976,91,265
3.663461208343506,2.9144317674856297,93,272
3.6695520877838135,2.960883459044871,94,285
3.6769165992736816,3.0165266259630297,96,294
3.6822521686553955,3.0564774381930833,99,295
3.68863582611084,3.1038693918178017,100,305
3.693934202194214,3.142863267786717,101,312
3.700016736984253,3.18724148973492,103,317
3.7065813541412354,3.234666722889658,105,323
3.7118985652923584,3.272717518836783,107,331
3.7179770469665527,3.315813134881587,111,336
3.7248215675354004,3.3638185497159916,113,342
3.7308969497680664,3.405960644036277,115,357
3.73724365234375,3.44950763945967,117,361
3.742882251739502,3.4877821413011185,119,369
3.748918294906616,3.5283177279913964,121,379
3.75419545173645,3.563382909869757,124,384
3.7605109214782715,3.6048836173884413,125,389
3.7669200897216797,3.646477731847151,128,394
3.7733123302459717,3.6874319021533135,131,402
3.779599905014038,3.727193264890597,133,401
3.78513240814209,3.7617468858788494,136,404
3.791322946548462,3.7999251524299775,139,424
3.7974886894226074,3.8374362080326616,141,428
3.803143262863159,3.8713818840164778,144,436
3.8092048168182373,3.907282223957684,147,445
3.814730405807495,3.9395639372032867,149,446
3.82074236869812,3.9742015866950653,152,448
3.8278982639312744,4.014764318710988,156,458
3.8351378440856934,4.05505808276478,159,464
3.8414173126220703,4.089396811728117,161,474
3.8476030826568604,4.122663010439316,165,476
3.8532800674438477,4.152699912805515,167,493
3.8593623638153076,4.184353576021888,171,498
3.864912748336792,4.212759199611915,173,495
3.870938301086426,4.243074507462998,177,505
3.877985715866089,4.277836186210559,179,501
3.883652925491333,4.305242630082786,183,508
3.889721393585205,4.33404477180881,186,517
3.8961024284362793,4.363718696538814,189,522
3.9017982482910156,4.389673018810988,193,535
3.907871961593628,4.416791768208205,195,534
3.913511037826538,4.441451710947296,199,544
3.9196178913116455,4.467591203859353,202,541
3.9268696308135986,4.497862083966392,205,545
3.932222843170166,4.51966909560828,210,553
3.93863582611084,4.545187173181093,212,555
3.943929672241211,4.565751809129026,215,568
3.9499876499176025,4.5887269004391165,219,571
3.956605911254883,4.613142881288614,223,576
3.9619932174682617,4.632487761808605,226,579
3.9733550548553467,4.671717673193059,234,586
3.981804132461548,4.699502288706363,238,599
3.9878833293914795,4.718756644206167,241,597
3.9936671257019043,4.736500250169099,245,605
3.9998984336853027,4.754986690914802,249,598
4.006209850311279,4.773042073253254,253,602
4.011678457260132,4.788140235476219,256,605
4.017775535583496,4.804373630265078,260,614
4.023582696914673,4.819245131212218,265,623
4.030705451965332,4.836697064918767,267,628
4.037019491195679,4.851438623152959,271,626
4.042551517486572,4.8637896613502125,276,630
4.048716068267822,4.87692982054136,279,629
4.053991317749023,4.887651591020383,283,639
4.0614283084869385,4.9019458965372635,288,647
4.067644119262695,4.91315412434488,292,653
4.0733044147491455,4.922773962581434,295,648
4.080211400985718,4.933753368830821,301,646
4.088028430938721,4.945170480686655,305,653
4.094053268432617,4.953237506780868,309,660
4.100100040435791,4.960691589928422,313,667
4.106712579727173,4.968105369255004,317,665
4.112120151519775,4.973594545596967,322,668
4.118162155151367,4.979116466977866,325,663
4.123807430267334,4.983692218175272,330,673
4.130870342254639,4.988622303424221,333,677
4.137222528457642,4.992301103776365,339,679
4.143020153045654,4.9950340243122895,343,680
4.149081707000732,4.99725346432996,347,681
4.1546289920806885,4.998712910287201,351,677
4.16081976890564,4.99969633911146,353,684
4.16716742515564,4.999997772596678,359,693
4.17270565032959,4.999676059480219,363,691
4.179628133773804,4.998507793333557,367,693
4.185200929641724,4.996948954228159,371,690
4.191400527954102,4.994566903376274,375,688
4.197623252868652,4.991490086479605,380,696
4.203411340713501,4.988011704797707,384,698
4.2095537185668945,4.983671055447544,388,701
4.215087890625,4.979188074276707,393,697
4.2211103439331055,4.9736939301236,397,697
4.2274489402771,4.967219089392911,401,697
4.233883857727051,4.959920535514185,405,701
4.240008115768433,4.952296588418764,409,707
4.24665904045105,4.943269520701461,413,707
4.251908540725708,4.935595875858001,418,703
4.259190082550049,4.9241519374915725,423,697
4.264718294143677,4.914844002355007,427,701
4.270756959915161,4.904066777702794,431,707
4.27710485458374,4.892052676404794,436,708
4.283510684967041,4.8792189106604935,440,706
4.289740800857544,4.866054791201301,445,704
4.29607367515564,4.851985793807632,449,701
4.301478862762451,4.839430765813388,453,708
4.307708024978638,4.824338849248573,457,709
4.313364267349243,4.810058771645168,461,710
4.319569826126099,4.793762921080744,465,703
4.325103282928467,4.778678759086168,470,702
4.332019090652466,4.7590956082209,474,699
4.33810830116272,4.741183460447299,479,700
4.343789339065552,4.723908746539902,483,707
4.34989857673645,4.704727555577803,487,697
4.356230020523071,4.684190398888276,491,693
4.361710071563721,4.665876145992917,495,692
4.367791175842285,4.644970513067664,503,700
4.38067102432251,4.598680409946098,509,697
4.387783765792847,4.571953756388554,513,688
4.393575191497803,4.549584828218618,517,684
4.399831533432007,4.5248110695402435,521,686
4.406250715255737,4.498738478367118,525,689
4.411739826202393,4.4759209710164685,529,688
4.417869567871094,4.449874248167553,533,687
4.423630475997925,4.424853205173712,538,677
4.429738283157349,4.397755716077743,541,670
4.437199592590332,4.363862756081589,547,675
4.442962884902954,4.337091809324822,551,674
4.449055194854736,4.308236107024257,555,677
4.454603910446167,4.2814606244063205,559,670
4.460665941238403,4.25167287865586,562,669
4.467328786849976,4.218292601330886,567,656
4.473130941390991,4.188682142180693,571,657
4.479336500167847,4.156458578874455,575,660
4.486678838729858,4.117597910535785,579,657
4.492127418518066,4.0882500935943575,584,654
4.498168230056763,4.055208378547116,587,641
4.504028797149658,4.022650035251465,592,640
4.511005163192749,3.9832532244406202,595,636
4.5173420906066895,3.9468702659385717,599,641
4.522996187210083,3.9139321880017683,603,636
4.529061555862427,3.878104086867392,607,629
4.536248683929443,3.834993930840627,611,618
4.541750431060791,3.801517066824158,614,620
4.547863721847534,3.7638397227320146,618,614
4.553720474243164,3.727274645355713,621,615
4.559959173202515,3.6878254327934674,625,610
4.566522836685181,3.6457709516789536,629,606
4.5718159675598145,3.611450201425077,633,596
4.57788872718811,3.571631700592377,636,593
4.5836098194122314,3.5336908329457684,641,580
4.590679407119751,3.4862399052819324,643,590
4.597008466720581,3.4432339369125287,647,580
4.602602005004883,3.404817702701484,651,584
4.608733177185059,3.3622743570089018,653,570
4.613981485366821,3.3255001305398277,657,567
4.6201605796813965,3.2817871233540226,660,557
4.626731634140015,3.234812936981583,663,552
4.632124662399292,3.1958889366768157,667,551
4.639283657073975,3.143709633155615,671,546
4.644846200942993,3.1027705826471257,674,548
4.650884628295898,3.0579431524740803,677,533
4.657259464263916,3.01018856121492,680,533
4.662930488586426,2.967340776304279,683,525
4.6690514087677,2.9207134356723494,687,514
4.674564599990845,2.8783826085543196,689,513
4.680819511413574,2.829980634558815,691,504
4.6877851486206055,2.77561622059862,695,507
4.69343638420105,2.7311582484816923,698,496
4.69955849647522,2.682646356602972,701,494
4.705119371414185,2.638271943291675,704,477
4.7114341259002686,2.5875305450059236,707,469
4.717661380767822,2.5371331878474246,709,467
4.723294019699097,2.491246788865229,712,458
4.729381322860718,2.4413408722455645,715,455
4.7348692417144775,2.3960732324320597,718,452
4.742187261581421,2.3353117569870983,721,443
4.748215436935425,2.2849255651639973,723,445
4.7538652420043945,2.237434019030465,725,432
4.759941816329956,2.1860720253221544,728,420
4.766975164413452,2.1262652927797916,733,403
4.77972149848938,2.016934239535791,736,396
4.786107540130615,1.9617165402081462,739,391
4.792910814285278,1.902578669529997,741,385
4.799244165420532,1.8472442238755582,743,385
4.804780960083008,1.798653336883737,745,373
4.8109211921691895,1.744537807034735,747,360
4.817358016967773,1.6875575521869708,749,352
4.8230140209198,1.6372839707939828,751,345
4.829078674316406,1.5831714962135202,753,337
4.834662437438965,1.5331667154552993,755,326
4.841695785522461,1.4699393173064814,757,317
4.847811222076416,1.414753256147255,759,312
4.853437423706055,1.3638158746146725,761,305
4.859666585922241,1.3072408442030492,763,297
4.8656110763549805,1.25308311548091,765,296
4.871405839920044,1.2001379954736062,766,280
4.877604007720947,1.1433487624795884,767,274
4.8832643032073975,1.091351122956298,769,272
4.890087366104126,1.0285072603776646,771,260
4.896702289581299,0.9674179486451429,772,248
4.901963710784912,0.9187204773524787,773,238
4.908139228820801,0.8614475948709772,775,231
4.913798093795776,0.8088635693979725,776,219
4.919995069503784,0.7511738870632478,777,213
4.926545143127441,0.6900858428743826,778,207
4.931861877441406,0.6404225302994144,779,189
4.9379448890686035,0.5835228642710942,781,181
4.944730997085571,0.5199563399015731,781,169
4.950737476348877,0.4636214101336878,782,164
4.957023859024048,0.40459773098513235,783,164
4.962590456008911,0.35228452566302737,784,152
4.968731641769409,0.2945267402387188,785,149
4.974078178405762,0.24421021273741644,785,136
4.98061728477478,0.18263714883879967,786,129
4.986970901489258,0.12278401660028984,787,123
4.993351936340332,0.06265488401106685,787,123
4.999462604522705,0.005064832184452981,787,92
